title,price,phoneContact,companyName,location,imageLink
Luxury Finished 7 Bedrooms Fully Detached Duplex With 2 Rooms Bq,"₦450,000,000","""08034480045""",Houselink Ltd,"Efab Metropolis Estate, Gwarinpa, Abuja",https://images.nigeriapropertycentre.com/properties/images/thumbs/1841352/064c3d2108880d-luxury-finished-6-bedroom-fully-detached-duplex-with-2-rooms-bq-detached-duplexes-for-sale-gwarinpa-abuja.jpeg
Royal 2 Bedroom Maisonette,"₦200,000,000","""08082163583""",Joe Etoniru And Associates,"Lekki Phase 1, Lekki, Lagos",https://images.nigeriapropertycentre.com/properties/images/thumbs/2299324/0666739cf71eb6-royal-2-bedroom-maisonette-for-sale-lekki-phase-1-lekki-lagos.jpg
Exquisitely Finished Luxury 5 Bedroom Fully Detached Home With A Boy',"₦550,000,000","""08036250108""",Dijaprimeproperties,"Lekki Phase 1, Lekki, Lagos",https://images.nigeriapropertycentre.com/properties/images/thumbs/2299227/066672fbad3bcb-exquisitely-finished-luxury-5-bedroom-fully-detached-home-with-a-boy-detached-duplexes-for-sale-lekki-phase-1-lekki-lagos.jpg
"Luxury Built 5 Bedrooms Automated Home With Pool, Cinema","₦550,000,000","""08083233032""",Nevickhills Limited,"Lekki Phase 1, Lekki, Lagos",https://images.nigeriapropertycentre.com/properties/images/thumbs/2299223/066672ebc4d6eb-luxury-built-5-bedroom-automated-home-with-pool-cinema-detached-duplexes-for-sale-lekki-phase-1-lekki-lagos.jpg
Pretty Decent 4 Bed Fully-detached Duplex + A Pool,"₦230,000,000","""08036250108""",Dijaprimeproperties,"Ajah, Lagos",https://images.nigeriapropertycentre.com/properties/images/thumbs/2299024/066670e5f47483-pretty-decent-4-bed-fully-detached-duplex-a-pool-detached-duplexes-for-sale-ajah-lagos.jpg
Contemporary Built 5 Bedroom Detached House With Pool,"₦240,000,000","""08083233032""",Nevickhills Limited,"In A Service Estate, Ajah, Lagos",https://images.nigeriapropertycentre.com/properties/images/thumbs/2299016/066670e8a5d4be-contemporary-built-5-bedroom-detached-house-with-pool-detached-duplexes-for-sale-ajah-lagos.jpg
Magnificent Luxury 4bedroom Fully Detached And Finished Duplex +bq,"₦160,000,000","""+2347046474687""",Detrust Realty,"Ogba, Ikeja, Lagos",https://images.nigeriapropertycentre.com/properties/images/thumbs/2298940/0666707022f6ac-magnificent-luxury-4bedroom-fully-detached-and-finished-duplex-bq-detached-duplexes-for-sale-ogba-ikeja-lagos.jpg
Newly Built And Luxury Finished 4 Bedroom Duplex With Boys Quarter,"₦125,000,000","""08083233032""",Nevickhills Limited,"In A Service Estate, Ajah, Lagos",https://images.nigeriapropertycentre.com/properties/images/thumbs/2298871/06666fd0b4dfef-newly-built-and-luxury-finished-4-bedroom-duplex-with-boys-quarter-detached-duplexes-for-sale-ajah-lagos.jpg
Captivating 5 Bedrooms Detached Duplex With Swimming Pool,"₦400,000,000","""+2348177766115""",Bluehedge Realtors,"Chevron Tollgate, Lekki, Lagos",https://images.nigeriapropertycentre.com/properties/images/thumbs/2223455/0662a6e54d53fb-5-bedroom-detached-duplex-detached-duplexes-for-sale-lekki-lagos.jpg
Lovely 4 Bedroom Semi-detached House With Gate House And Bq,"₦130,000,000","""+2348177766115""",Bluehedge Realtors,"Ajah, Lagos",https://images.nigeriapropertycentre.com/properties/images/thumbs/2224732/0662b7be143bda-4-bed-semi-detached-duplexes-for-sale-ajah-lagos.jpg
Contemporary Built And Luxury Finished 5 Bedroom Fully Detached Duplex,"₦170,000,000","""08083233032""",Nevickhills Limited,"In A Service Estate, Ajah, Lagos",https://images.nigeriapropertycentre.com/properties/images/thumbs/2298731/06666eca9b5115-contemporary-built-and-luxury-finished-5-bedroom-fully-detached-duplex-detached-duplexes-for-sale-ajah-lagos.jpg
Elegant 5 Bedroom Detached Duplex With Swimming Pool,"₦450,000,000","""+2348177766115""",Bluehedge Realtors,"By Vgc, Lekki, Lagos",https://images.nigeriapropertycentre.com/properties/images/thumbs/2260639/066474aa629b11-5-bedroom-detached-duplex-with-swimming-pool-detached-duplexes-for-sale-lekki-lagos.jpg
4 Bedroom Luxury Built And Exquisitely Finished Duplex,"₦145,000,000","""08083233032""",Nevickhills Limited,"In A Service Estate, Ajah, Lagos",https://images.nigeriapropertycentre.com/properties/images/thumbs/2298668/06666ea0eb1e6c-4-bedroom-luxury-built-and-exquisitely-finished-duplex-semi-detached-duplexes-for-sale-ajah-lagos.jpg
Partially Furnished 4 Bedroom Detached House At Ajah,"₦130,000,000","""08036250108""",Dijaprimeproperties,"Ajah, Lagos",https://images.nigeriapropertycentre.com/properties/images/thumbs/2298530/06666dbc753179-partially-furnished-4-bedroom-detached-house-at-ajah-for-sale-ajah-lagos.jpg
Luxury Built And Exquisitely Finished 4 Bedroom Detached Duplex With B,"₦130,000,000","""08083233032""",Nevickhills Limited,"Thomas Estate, Ajah, Lagos",https://images.nigeriapropertycentre.com/properties/images/thumbs/2298506/06666d254ef2fc-luxury-built-and-exquisitely-finished-4-bedroom-detached-duplex-with-b-detached-duplexes-for-sale-ajah-lagos.jpg
Brand New 3 Bedrooms Terraced Duplex With Self Compound,"₦75,000,000","""+2348177766115""",Bluehedge Realtors,"Ajah, Lagos",https://images.nigeriapropertycentre.com/properties/images/thumbs/1796472/0649eef72af518-brand-new-3-bedroom-terrace-duplex-with-self-compound-terraced-duplexes-for-sale-ajah-lagos.jpg
Brand New 4 Bedroom Semi-detached Duplex With Bq,"₦110,000,000","""08162593706""",Proxuna Realty,"By Chevron Tollgate, Lekki, Lagos",https://images.nigeriapropertycentre.com/properties/images/thumbs/2266504/0664c79392a2bf-4-bedroom-semi-detached-duplexes-for-sale-lekki-lagos.jpg
"Brand New, Strategically Located 5 Bedrooms Detached Duplex","₦200,000,000","""+2348177766115""",Bluehedge Realtors,"Megamound Estate, Lekki, Lagos",https://images.nigeriapropertycentre.com/properties/images/thumbs/1483110/0633d5f449e58e-5-bedroom-detached-duplex-detached-duplexes-for-sale-ikota-lekki-lagos.jpg
Brand New 5 Bedrooms Detached Duplex With 1 Room Bq,"₦1,000,000,000","""08082163583""",Joe Etoniru And Associates,"2nd Avenue, Old Ikoyi, Ikoyi, Lagos",https://images.nigeriapropertycentre.com/properties/images/thumbs/2248447/0663dfbe08e829-brand-new-5-bedroom-detached-duplex-with-1-room-bq-detached-duplexes-for-sale-old-ikoyi-ikoyi-lagos.jpg
Four Bedroom Semi Detached Duplex,"₦85,000,000","""08082163583""",Joe Etoniru And Associates,"Ikota, Lekki, Lagos",https://images.nigeriapropertycentre.com/properties/images/thumbs/2253097/0664214d8ded8f-four-bedroom-semi-detached-duplex-semi-detached-duplexes-for-sale-ikota-lekki-lagos.jpg
Four Bedroom Detached Duplex,"₦160,000,000","""08082163583""",Joe Etoniru And Associates,"Orchid Road, Lafiaji, Lekki, Lagos",https://images.nigeriapropertycentre.com/properties/images/thumbs/2279269/066570a95602a1-four-bedroom-detached-duplex-detached-duplexes-for-sale-lafiaji-lekki-lagos.jpg
Luxury And Furnished 4 Bedroom Home.,"₦330,000,000","""08135339459""",Everything Property Ltd,"2nd Avenue, Gwarinpa, Abuja",https://images.nigeriapropertycentre.com/properties/images/thumbs/2068017/0659e507694bac-luxury-and-furnished-4bedroom-home-semi-detached-duplexes-for-sale-gwarinpa-abuja.jpeg
4 Bedroom Semi Fully Detached House,"₦190,000,000","""08082163583""",Joe Etoniru And Associates,"Osapa, Lekki, Lagos",https://images.nigeriapropertycentre.com/properties/images/thumbs/2281483/066587895cda27-4bedroom-semi-fully-detached-house-for-sale-osapa-lekki-lagos.jpg
4 Bedrooms Maisonette With Bq,"₦200,000,000","""08082163583""",Joe Etoniru And Associates,"Ikate Elegushi, Lekki, Lagos",https://images.nigeriapropertycentre.com/properties/images/thumbs/2290364/06660361b1721b-4-bedroom-maisonette-for-sale-ikate-elegushi-lekki-lagos.jpg
5 Bedroom Luxury Built Duplex With A Room Boys Quarter,"₦205,000,000","""08083233032""",Nevickhills Limited,"Megamound Estate Lekki County Homes, Lekki Phase 2, Lekki, Lagos",https://images.nigeriapropertycentre.com/properties/images/thumbs/2206575/0661d1b0ec7866-5-bedroom-luxury-built-duplex-with-a-room-boys-quarter-detached-duplexes-for-sale-lekki-phase-2-lekki-lagos.jpg
Newly Built And Luxury Finished 4 Bedroom Maisonnette With A Room Boys,"₦320,000,000","""08083233032""",Nevickhills Limited,"Off Admiralty Way, Lekki Phase 1, Lekki, Lagos",https://images.nigeriapropertycentre.com/properties/images/thumbs/2290505/0666045c7802f2-newly-built-and-luxury-finished-4-bedroom-maisonnette-terraced-duplexes-for-sale-lekki-phase-1-lekki-lagos.jpg
A Stellar Urban Sanctuary That Will Enthrall And Revitalize,"₦85,000,000","""07056358281""",Adut Homes,"Located In A Secured Estate At Ologolo, Lekki Phase 2, Lekki, Lagos",https://images.nigeriapropertycentre.com/properties/images/thumbs/2299498/066675999b7148-a-stellar-urban-sanctuary-that-will-enthrall-and-revitalize-block-of-flats-for-sale-lekki-phase-2-lekki-lagos.jpg
Decently Finished 4 Bedroom Semi Detached Duplex With Bq,"₦80,000,000","""07088739045""",Edgeline Properties Limited,"Ajah, Lagos",https://images.nigeriapropertycentre.com/properties/images/thumbs/2299493/06667599db4107-decently-finished-4-bedroom-semi-detached-duplex-with-bq-semi-detached-duplexes-for-sale-ajah-lagos.jpg
"Lavishly Finished 5bedrooms Detached House* On 4 Floors, Strategically","₦2,200,000,000","""07058143991""",Realtor,"Old Ikoyi, Ikoyi, Lagos",https://images.nigeriapropertycentre.com/properties/images/thumbs/2299489/066675857dc562-lavishly-finished-5bedrooms-detached-house-on-4-floors-strategically-detached-duplexes-for-sale-ikoyi-lagos.jpg
Beautifully Built 4 Bedroom Fully Detached Duplex With Bq,"₦180,000,000","""07088739045""",Edgeline Properties Limited,"Ogba, Ikeja, Lagos",https://images.nigeriapropertycentre.com/properties/images/thumbs/2299488/06667581dd96c2-beautifully-built-4-bedroom-fully-detached-duplex-with-bq-detached-duplexes-for-sale-ogba-ikeja-lagos.jpg
An Exquisite Urban Sanctuary That Will Fascinate And Rejuvenate,"₦980,000,000","""07056358281""",Adut Homes,"Lekki Phase 1, Lekki, Lagos",https://images.nigeriapropertycentre.com/properties/images/thumbs/2299485/066675711eaa85-an-exquisite-urban-sanctuary-that-will-fascinate-and-rejuvenate-detached-duplexes-for-sale-lekki-phase-1-lekki-lagos.jpg
A Marvelous Urban Refuge That Will Enchant And Energize,"₦600,000,000","""07056358281""",Adut Homes,"Lekki Phase 1, Lekki, Lagos",https://images.nigeriapropertycentre.com/properties/images/thumbs/2299482/06667568174267-a-marvelous-urban-refuge-that-will-enchant-and-energize-detached-duplexes-for-sale-lekki-phase-1-lekki-lagos.jpg
A Phenomenal Urban Hideaway That Will Entrance And Spark,"₦600,000,000","""07056358281""",Adut Homes,"Lekki Phase 1, Lekki, Lagos",https://images.nigeriapropertycentre.com/properties/images/thumbs/2299479/066675611e257b-a-phenomenal-urban-hideaway-that-will-entrance-and-spark-detached-duplexes-for-sale-lekki-phase-1-lekki-lagos.jpg
A Luxurious Urban Oasis That Will Mesmerize And Invigorate,"₦55,000,000","""07056358281""",Adut Homes,"Located In A Secured Estate At Ikota, Lekki Phase 2, Lekki, Lagos",https://images.nigeriapropertycentre.com/properties/images/thumbs/2299478/066675590cbeca-a-luxurious-urban-oasis-that-will-mesmerize-and-invigorate-terraced-duplexes-for-sale-lekki-phase-2-lekki-lagos.jpg
An Elite City Haven That Will Fascinate And Revitalize,"₦900,000,000","""07056358281""",Adut Homes,"Banana Island, Ikoyi, Lagos",https://images.nigeriapropertycentre.com/properties/images/thumbs/2299476/066675521c507a-an-elite-city-haven-that-will-fascinate-and-revitalize-terraced-duplexes-for-sale-banana-island-ikoyi-lagos.jpg
A Top-tier Urban Sanctuary That Will Delight And Invigorate,"₦280,000,000","""07056358281""",Adut Homes,"Lekki Phase 1, Lekki, Lagos",https://images.nigeriapropertycentre.com/properties/images/thumbs/2299473/0666754a3b1413-a-top-tier-urban-sanctuary-that-will-delight-and-invigorate-terraced-duplexes-for-sale-lekki-phase-1-lekki-lagos.jpg
A Premier Metropolitan Escape That Will Enchant And Energize,"$3,000,000 
approx. ₦4,505,609,832","""07056358281""",Adut Homes,"Banana Island, Ikoyi, Lagos",https://images.nigeriapropertycentre.com/properties/images/thumbs/2299471/06667540b48013-a-premier-metropolitan-escape-that-will-enchant-and-energize-detached-duplexes-for-sale-banana-island-ikoyi-lagos.jpg
4 Bedroom Terrace With Bq,"₦130,000,000","""08150797686""",Eminent Cornerstone Ltd,"Ikate Elegushi, Lekki, Lagos",https://images.nigeriapropertycentre.com/properties/images/thumbs/2105653/065bfb3220542e-4-bedroom-terrace-with-bq-terraced-duplexes-for-sale-ikate-elegushi-lekki-lagos.jpeg
An Exceptional Urban Getaway That Will Enthrall And Inspire,"₦120,000,000","""07056358281""",Adut Homes,"Located In A Secured Estate At Orchid, Lekki Phase 2, Lekki, Lagos",https://images.nigeriapropertycentre.com/properties/images/thumbs/2299467/066675395da7dc-an-exceptional-urban-getaway-that-will-enthrall-and-inspire-semi-detached-duplexes-for-sale-lekki-phase-2-lekki-lagos.jpg
Beautifully Built 4 Bedroom Terrace Duplex With Bq,"₦210,000,000","""07088739045""",Edgeline Properties Limited,"Yaba, Lagos",https://images.nigeriapropertycentre.com/properties/images/thumbs/2299462/06667526f6b06b-beautifully-built-4-bedroom-terrace-duplex-with-bq-terraced-duplexes-for-sale-yaba-lagos.jpg
Lovely Self Serviced 3 Bedroom Terrace Duplex In A Secured Estate,"₦55,000,000","""07019474196""",Starlike Properties,"Ikota, Lekki, Lagos",https://images.nigeriapropertycentre.com/properties/images/thumbs/2299457/0666751660bf6d-lovely-self-serviced-3bedroom-terrace-duplex-in-a-secured-estate-terraced-duplexes-for-sale-ikota-lekki-lagos.jpeg
"5 Bedrooms Duplex, Fully Detached","₦610,000,000","""08064628489""",Tos.consolidated.ltd,"Osapa, Lekki, Lagos",https://images.nigeriapropertycentre.com/properties/images/thumbs/1997061/0655336a8d7883-5-bedrooms-duplex-fully-detached-detached-duplexes-for-sale-osapa-lekki-lagos.jpeg
Luxury And Furnished 4 Bedroom Home.,"₦330,000,000","""08135339459""",Everything Property Ltd,"2nd Avenue, Gwarinpa, Abuja",https://images.nigeriapropertycentre.com/properties/images/thumbs/2068017/0659e507694bac-luxury-and-furnished-4bedroom-home-semi-detached-duplexes-for-sale-gwarinpa-abuja.jpeg
Newly Built 4 Bedrooms Detached Duplex With Bq,"₦155,000,000","""08064628489""",Tos.consolidated.ltd,"Orchid Road, Lekki, Lagos",https://images.nigeriapropertycentre.com/properties/images/thumbs/2167337/065f8dca66894b-newly-built-4bedrooms-detached-duplex-with-bq-at-orchid-lekki-detached-duplexes-for-sale-lekki-lagos.jpeg
Newly Built 5 Bedroom Duplex With Bq,"₦450,000,000","""08064628489""",Tos.consolidated.ltd,"Omole Phase 1, Ikeja, Lagos",https://images.nigeriapropertycentre.com/properties/images/thumbs/2201716/066180a2e30b2b-newly-built-5bedroom-duplex-with-bq-at-omole-detached-duplexes-for-sale-omole-phase-1-ikeja-lagos.jpeg
Luxurious 4 Bedrooms Fully Detached With Bq,"₦230,000,000","""08064628489""",Tos.consolidated.ltd,"Omole Phase 2, Ikeja, Lagos",https://images.nigeriapropertycentre.com/properties/images/thumbs/2201727/066180bf186e59-luxurious-4bedrooms-fully-detached-with-bq-at-omole-2-detached-duplexes-for-sale-omole-phase-2-ikeja-lagos.jpeg
Newly Built Luxurious 5 Bedrooms Detached Duplex,"₦360,000,000","""08064628489""",Tos.consolidated.ltd,"Lekki County, Lekki, Lagos",https://images.nigeriapropertycentre.com/properties/images/thumbs/2227702/0662e51afb4caa-luxurious-5bedroom-duplex-newly-built-detach-duplex-at-lekki-county-detached-duplexes-for-sale-lekki-lagos.jpeg
Newly Built 4 Bedrooms Terrace Duplex With Bq,"₦180,000,000","""08064628489""",Tos.consolidated.ltd,"Gra, Ogba, Ikeja, Lagos",https://images.nigeriapropertycentre.com/properties/images/thumbs/1871328/064dea96801d91-newly-built-4bedrooms-terrace-duplex-with-bq-terraced-duplexes-for-sale-ogba-ikeja-lagos.jpeg
Newly Built 5 Bedroom Duplex With Bq,"₦300,000,000","""08064628489""",Tos.consolidated.ltd,"GRA Phase 2, Magodo, Lagos",https://images.nigeriapropertycentre.com/properties/images/thumbs/1884230/064e9c045b285b-newly-built-5bedroom-duplex-with-bq-at-magodo-shagisha-detached-duplexes-for-sale-gra-phase-1-magodo-lagos.jpeg
Newly Built 4 Bedrooms Duplex With Bq,"₦450,000,000","""08064628489""",Tos.consolidated.ltd,"Ikeja GRA, Ikeja, Lagos",https://images.nigeriapropertycentre.com/properties/images/thumbs/1924559/06661f50bf15e1-newly-built-4-bedrooms-duplex-with-bq-semi-detached-duplexes-for-sale-gra-ikeja-lagos.jpeg
"Luxurious 2, 3 Bedroom Apartment & 4 Bedroom Penthouse","₦1,500,000,000","""08064628489""",Tos.consolidated.ltd,"Ikeja GRA, Ikeja, Lagos",https://images.nigeriapropertycentre.com/properties/images/thumbs/1806430/064a70ef5b4985-luxurious-23bedroom-apartment-4bedroom-penthouse-ikeja-gra-block-of-flats-for-sale-gra-ikeja-lagos.jpeg
Tastefully Finished 5 Bedroom Detached Duplex,"₦450,000,000","""08064628489""",Tos.consolidated.ltd,"Omole Phase 1, Ikeja, Lagos",https://images.nigeriapropertycentre.com/properties/images/thumbs/1806478/064a71586511b7-tastefully-finished-5bedroom-detached-duplex-omole-phase-1-detached-duplexes-for-sale-omole-phase-1-ikeja-lagos.jpeg
Newly Buit 5 Bedroom Terrace Duplex With Bq,"₦165,000,000","""08064628489""",Tos.consolidated.ltd,"Adeniyi Jones, Ikeja, Lagos",https://images.nigeriapropertycentre.com/properties/images/thumbs/1827282/064b8f8fd72a99-newly-buit-5bedroom-terrace-duplex-with-bq-terraced-duplexes-for-sale-adeniyi-jones-ikeja-lagos.jpeg
Newly Built 4 Bedrooms Terrace Duplex,"₦250,000,000","""08064628489""",Tos.consolidated.ltd,"Ikate, Lekki, Lagos",https://images.nigeriapropertycentre.com/properties/images/thumbs/1836531/065a6fa764f66c-newly-built-4-bedrooms-terrace-duplex-terraced-duplexes-for-sale-ikate-lekki-lagos.jpeg
"Newly Built 3 Bedrooms Duplex, Fully Detached","₦140,000,000","""08064628489""",Tos.consolidated.ltd,"Opebi, Ikeja, Lagos",https://images.nigeriapropertycentre.com/properties/images/thumbs/1802815/064a4a2ed97a9f-newly-built-3bedroom-duplex-fully-detached-at-opebi-ikeja-detached-duplexes-for-sale-opebi-ikeja-lagos.jpeg
Massive 9 Bedroom Duplex With Bq In A Beautiful Estate,"₦300,000,000","""08064628489""",Tos.consolidated.ltd,"Badore, Ajah, Lagos",https://images.nigeriapropertycentre.com/properties/images/thumbs/1792789/0649b16d0905d5-massive-9bedroom-duplex-with-bq-in-a-beautiful-estate-badore-ajah-detached-duplexes-for-sale-badore-ajah-lagos.jpeg
"A Newly Built Luxury 4 Bedrooms Terraced Duplex, Fully Serviced","₦62,000,000","""07066209164""",Rosyland Properties,"By Lbs, Alasia, Ajah, Lagos",https://images.nigeriapropertycentre.com/properties/images/thumbs/2250533/0663f97d85e8f8-a-newly-built-luxury-4-bedroom-terrace-duplex-fully-serviced-terraced-duplexes-for-sale-sangotedo-ajah-lagos.jpg
Newly Built 5 Bedroom Semi Detached,"₦320,000,000","""08064628489""",Tos.consolidated.ltd,"Omole Phase 1, Ikeja, Lagos",https://images.nigeriapropertycentre.com/properties/images/thumbs/1774001/064888fecefec8-newly-built-5bedroom-duplex-fully-detach-at-omole-phase-1-semi-detached-duplexes-for-sale-omole-phase-1-ikeja-lagos.jpeg
Newly Built 4 Bedrooms Fully Detached Duplex,"₦420,000,000","""08064628489""",Tos.consolidated.ltd,"Ikeja GRA, Ikeja, Lagos",https://images.nigeriapropertycentre.com/properties/images/thumbs/1797774/064a06f8ead2dc-newly-built-4bedrooms-detached-duplex-at-ikeja-gra-detached-duplexes-for-sale-gra-ikeja-lagos.jpeg
Newly Built Luxurious 5 Bedrooms Duplex,"₦610,000,000","""08064628489""",Tos.consolidated.ltd,"GRA Phase 1, Magodo, Lagos",https://images.nigeriapropertycentre.com/properties/images/thumbs/1802792/064a49f2e19c0d-newly-built-luxurious-5bedroom-duplex-at-magodo-detached-duplexes-for-sale-gra-phase-1-magodo-lagos.jpeg
Luxurious Newly Built Terrace Duplex With Swimming Pool,"₦280,000,000","""08064628489""",Tos.consolidated.ltd,"Ikeja GRA, Ikeja, Lagos",https://images.nigeriapropertycentre.com/properties/images/thumbs/1804811/064a5fa5c76a7a-luxurious-newly-built-terrace-and-penthouse-ikeja-gra-detached-duplexes-for-sale-gra-ikeja-lagos.jpeg
Newly Built 5 Bedrooms Terraced Duplex,"₦200,000,000","""08064628489""",Tos.consolidated.ltd,"Opebi, Ikeja, Lagos",https://images.nigeriapropertycentre.com/properties/images/thumbs/1773553/064884a378017c-newly-built-4bedrooms-terrace-duplex-at-opebi-ikeja-terraced-duplexes-for-sale-opebi-ikeja-lagos.jpeg
Newly Built Luxurious 5 Bedrooms Duplex,"₦550,000,000","""08064628489""",Tos.consolidated.ltd,"Omole Phase 1, Ikeja, Lagos",https://images.nigeriapropertycentre.com/properties/images/thumbs/1771720/064860368ea2fc-newly-built-luxurious-5bedrooms-duplex-at-omole-phase-1-detached-duplexes-for-sale-omole-phase-1-ikeja-lagos.jpeg
Enchanting 5 Bedroom Semi Detached House With 2 Staff Quarters,"₦1,500,000,000","""08038156271""",Beverly & Sam Properties,"Off 1st Avenue Road, Banana Island, Ikoyi, Lagos",https://images.nigeriapropertycentre.com/properties/images/thumbs/2282936/066599de18b0d6-enchanting-5-bedroom-semi-detached-house-with-2-staff-quarters-semi-detached-duplexes-for-sale-banana-island-ikoyi-lagos.jpg
Luxurious Newly Built 5 Bedrooms Duplex,"₦550,000,000","""08064628489""",Tos.consolidated.ltd,"Omole Phase 1, Ikeja, Lagos",https://images.nigeriapropertycentre.com/properties/images/thumbs/1771712/06486023ac4cdd-luxurious-newly-built-5bedroom-duplex-at-omole-phase-1-detached-duplexes-for-sale-omole-phase-1-ikeja-lagos.jpeg
5 Bedroom Fully Detached Duplex,"₦390,000,000","""08189535141""",Havillah Realtors & Investment Limited,"Osapa London, Lekki, Lagos",https://images.nigeriapropertycentre.com/properties/images/thumbs/2273811/066521612824bf-5-bedroom-fully-detached-duplex-detached-duplexes-for-sale-lekki-lagos.jpg
Newly Built 4 Bedroom Semi Detached Duplex,"₦110,000,000","""08189535141""",Havillah Realtors & Investment Limited,"Orchid Road, Lekki, Lagos",https://images.nigeriapropertycentre.com/properties/images/thumbs/2288561/0665ee8c160800-newly-built-4-bedroom-semi-detached-duplex-semi-detached-duplexes-for-sale-lekki-lagos.jpeg
Newly Built 3 Bedroom Semi Detached Duplex,"₦90,000,000","""08189535141""",Havillah Realtors & Investment Limited,"Orchid Road, Lekki, Lagos",https://images.nigeriapropertycentre.com/properties/images/thumbs/2288700/0665ef844e5c12-newly-built-3-bed-room-semi-detached-duplex-semi-detached-duplexes-for-sale-lekki-lagos.jpeg
Luxury 5 Bedroom Fully Detached Duplex,"₦600,000,000","""08189535141""",Havillah Realtors & Investment Limited,"Lekki Phase 1, Lekki, Lagos",https://images.nigeriapropertycentre.com/properties/images/thumbs/2288748/0665f0263a796f-luxury-5-bed-room-fully-detached-duplex-detached-duplexes-for-sale-lekki-lagos.jpeg
4 Bedroom Semi Detached Duplex,"₦130,000,000","""08189535141""",Havillah Realtors & Investment Limited,"Orchid Road, Lekki, Lagos",https://images.nigeriapropertycentre.com/properties/images/thumbs/2289157/0665f373cb0dcc-4-bed-room-semi-detached-duplex-semi-detached-duplexes-for-sale-lekki-lagos.jpeg
Luxury 5 Bedroom Detached Duplex,"₦280,000,000","""08189535141""",Havillah Realtors & Investment Limited,"Orchid, Lekki, Lagos",https://images.nigeriapropertycentre.com/properties/images/thumbs/2289195/0665f430327ec0-luxury-5-bed-room-detached-duplex-detached-duplexes-for-sale-lekki-lagos.jpeg
Beautifully Designed 5bedroom Duplex At Ologolo,"₦170,000,000","""2348032810713""",Lapis Lazuli Homes And Properties,"*for Sale - Exquisitely Finished 5 Bedroom Fully Detached Duplex With, Lekki, Lagos",https://images.nigeriapropertycentre.com/properties/images/thumbs/2299443/066674cc9613db-beautifully-designed-5bedroom-duplex-at-ologolo-for-sale-lekki-lagos.jpg
"Tranquil 4-bedroom Duplex In Secure, Family-friendly Community","₦97,500,000","""+2348189861993""",New Wine Realty,"5 Minute Drive From Alausa Secteriat, Opic, Isheri North, Lagos",https://images.nigeriapropertycentre.com/properties/images/thumbs/2299437/066674bca620c7-tranquil-4-bedroom-duplex-in-secure-family-friendly-community-semi-detached-duplexes-for-sale-opic-isheri-north-lagos.jpg
Standard 4 Bedroom Terrace Duplex,"₦65,000,000","""08146038116""",Royal Chattels,"Inside An Estate Along Apo Primary Axis, Apo, Abuja",https://images.nigeriapropertycentre.com/properties/images/thumbs/2299432/066674bb2c8cb5-standard-4-bedroom-terrace-duplex-terraced-duplexes-for-sale-apo-abuja.jpeg
5 Bedrooms Duplex,"₦270,000,000","""08033570342""",Tgeemax Services Ltd,"Chevron Toll Gate, Lekki, Lagos",https://images.nigeriapropertycentre.com/properties/images/thumbs/2283018/06659b45979b67-5-bedrooms-duplex-detached-duplexes-for-sale-lekki-lagos.jpg
Five Bedroom Fully Detached Duplex & Service Quarters,"₦285,000,000","""08062410093""",Nwofor Emmanuel & Co,"Off Washington Drive, Efab Metropolis, Karsana, Abuja",https://images.nigeriapropertycentre.com/properties/images/thumbs/2299405/0666746b572570-five-bedroom-fully-detached-duplex-service-quarters-detached-duplexes-for-sale-karsana-abuja.jpg
Newly Built 6 Bedroom Fully Detached Duplex With Bq,"₦250,000,000","""07088739045""",Edgeline Properties Limited,"Ojodu Berger, Ojodu, Lagos",https://images.nigeriapropertycentre.com/properties/images/thumbs/2299387/066674dfa8a986-newly-built-6-bedroom-fully-detached-duplex-with-bq-detached-duplexes-for-sale-ojodu-berger-ojodu-lagos.jpg
Pristine Newly Built 3bedroom Apartment With Bq,"₦70,000,000","""07012894830""",Mike Homes Properties,"Luxurious 3bed Apartment With Bq In Obanikoro, Obanikoro, Shomolu, Lagos",https://images.nigeriapropertycentre.com/properties/images/thumbs/2299382/06667431ad4933-pristine-newly-built-3bedroom-apartment-with-bq-block-of-flats-for-sale-obanikoro-shomolu-lagos.jpg
Exquisitely Built 5bedroom Detached Duplex With Bq In A Secured Estate,"₦440,000,000","""07012894830""",Mike Homes Properties,"Elegant 5bed Detached Duplex With Bq In Omolephase1, Omole Phase 1, Ikeja, Lagos",https://images.nigeriapropertycentre.com/properties/images/thumbs/2299372/066674117d3f09-exquisitely-built-5bedroom-detached-duplex-with-bq-in-a-secured-estate-detached-duplexes-for-sale-omole-phase-1-ikeja-lagos.jpg
Newly Built 5 Bedroom Fully Detached Duplex With A Bq,"₦370,000,000","""07088739045""",Edgeline Properties Limited,"GRA Phase 2, Magodo, Lagos",https://images.nigeriapropertycentre.com/properties/images/thumbs/2299366/06667423751f38-newly-built-5-bedroom-fully-detached-duplex-with-a-bq-detached-duplexes-for-sale-gra-phase-2-magodo-lagos.jpg
4 Bedroom Fully Detached Duplex With Swimming Pool,"₦100,000,000","""08028442005""",Green Haven Properties,"Ajah, Lekki, Lagos",https://images.nigeriapropertycentre.com/properties/images/thumbs/2299357/066673e3ae6b34-4-bedroom-fully-detached-duplex-with-swimming-pool-detached-duplexes-for-sale-lekki-lagos.jpg
Luxury 4 Bedroom Semi Detached House + Bq +pool Etc,"₦900,000,000","""08124269637""",Prince Ademola Osinuga International,"Banana Island Estate, Banana Island, Ikoyi, Lagos",https://images.nigeriapropertycentre.com/properties/images/thumbs/2299351/066673c363938f-luxury-4-bedroom-semi-detached-house-bq-pool-etc-semi-detached-duplexes-for-sale-banana-island-ikoyi-lagos.png
Luxury 5 Bedroom,"₦400,000,000","""08061330319""",1digital Agency,"Lekki County, Ikota, Lekki, Lagos",https://images.nigeriapropertycentre.com/properties/images/thumbs/2288736/0665efde61b9b3-luxury-5bedroom-with-at-lekki-county-detached-duplexes-for-sale-ikota-lekki-lagos.jpeg
Luxury 5 Bedroom,"₦350,000,000","""08061330319""",1digital Agency,"Ajah, Lagos",https://images.nigeriapropertycentre.com/properties/images/thumbs/2288773/0665f01ab5a02b-luxury-5bedroom-at-ajah-detached-duplexes-for-sale-ajah-lagos.jpeg
Promo ! Promo!! Promo!!! Luxurious 4 Bedroom Terrace Duplex,"₦45,000,000","""08035026480""",Waterfalls Realty Ltd,"Life Camp, Abuja",https://images.nigeriapropertycentre.com/properties/images/thumbs/2100771/065bb486a6c996-luxurious-34-bedroom-terrace-duplex-terraced-duplexes-for-sale-life-camp-abuja.jpg
4-bedroom Fully Detached Duplex,"₦160,000,000","""07087360572""",Height Properties,"Orchid Road, Lekki, Lagos",https://images.nigeriapropertycentre.com/properties/images/thumbs/2299344/066673b4684adb-4-bedroom-fully-detached-duplex-detached-duplexes-for-sale-lekki-lagos.jpg
Newly Built 4 Bedroom Fully Detached Duplex With Bq,"₦120,000,000","""07088739045""",Edgeline Properties Limited,"Ifako, Gbagada, Lagos",https://images.nigeriapropertycentre.com/properties/images/thumbs/2299339/066673bbb9a41b-newly-built-4-bedroom-fully-detached-duplex-with-bq-detached-duplexes-for-sale-ifako-gbagada-gbagada-lagos.jpg
5 Bedroom Fully Detached Duplex,"₦150,000,000","""09169112315""",Transcendent Realty,"Orchid Road, Lekki, Lagos",https://images.nigeriapropertycentre.com/properties/images/thumbs/2299322/0666737c3462ac-5-bedroom-fully-detached-duplex-detached-duplexes-for-sale-lekki-lagos.jpg
5 Bedroom Fully Detached Duplex,"₦175,000,000","""09169112315""",Transcendent Realty,"Lekki Phase 1, Lekki, Lagos",https://images.nigeriapropertycentre.com/properties/images/thumbs/2299317/066673761b18f3-5-bedroom-fully-detached-duplex-for-sale-lekki-phase-1-lekki-lagos.jpg
4 Bedroom Semi Detached Duplex,"₦95,000,000","""09169112315""",Transcendent Realty,"Abraham Adesanya, Ajah, Lagos",https://images.nigeriapropertycentre.com/properties/images/thumbs/2299316/06667370846981-4-bedroom-semi-detached-duplex-semi-detached-duplexes-for-sale-ajah-lagos.jpg
Luxury 5 Bedrooms Fully Detached Duplex,"₦650,000,000","""07087360572""",Height Properties,"Osapa, Lekki, Lagos",https://images.nigeriapropertycentre.com/properties/images/thumbs/2299313/0666736a734de0-luxury-5bedroom-fully-detached-duplex-detached-duplexes-for-sale-osapa-lekki-lagos.jpg
4 Bedroom Terraced Duplex,"₦170,000,000","""09169112315""",Transcendent Realty,"Ikate, Lekki, Lagos",https://images.nigeriapropertycentre.com/properties/images/thumbs/2299312/0666736a10efee-4-bedroom-terraced-duplex-terraced-duplexes-for-sale-ikate-lekki-lagos.jpg
Detached House On 1221 Sqm Of Land,"₦1,500,000,000","""08036176437""",Posh Properties,"Adeola Hopewell, Victoria Island (VI), Lagos",https://images.nigeriapropertycentre.com/properties/images/thumbs/2299311/0666736f27d19f-detached-house-on-1221-sqm-of-land-detached-duplexes-for-sale-victoria-island-lagos.jpeg
4 Bedroom Terraced Duplex,"₦120,000,000","""09169112315""",Transcendent Realty,"Ikate, Lekki, Lagos",https://images.nigeriapropertycentre.com/properties/images/thumbs/2299310/066673643a4a29-4-bedroom-terraced-duplex-terraced-duplexes-for-sale-ikate-lekki-lagos.jpg
4 Bedroom Terraced Duplex,"₦90,000,000","""09169112315""",Transcendent Realty,"Lekki Phase 1, Lekki, Lagos",https://images.nigeriapropertycentre.com/properties/images/thumbs/2299309/0666735e0b51f0-4-bedroom-terraced-duplex-terraced-duplexes-for-sale-lekki-phase-1-lekki-lagos.jpg
5 Bedroom Terraced Duplex,"₦140,000,000","""09169112315""",Transcendent Realty,"Ikate, Lekki, Lagos",https://images.nigeriapropertycentre.com/properties/images/thumbs/2299306/06667357f870d7-5-bedroom-terraced-duplex-terraced-duplexes-for-sale-ikate-lekki-lagos.jpg
5 Bedrooms Fully Detached Duplex,"₦450,000,000","""08102386902""",Kniffy The Realtor,"Osapa, Lekki, Lagos",https://images.nigeriapropertycentre.com/properties/images/thumbs/2299305/0666735de9c98a-5-bedroom-fully-detached-duplex-detached-duplexes-for-sale-osapa-lekki-lagos.jpeg
4 Bedroom Terraced Duplex,"₦85,000,000","""09169112315""",Transcendent Realty,"Lekki Phase 1, Lekki, Lagos",https://images.nigeriapropertycentre.com/properties/images/thumbs/2299304/06667352524239-4-bedroom-terraced-duplex-terraced-duplexes-for-sale-lekki-phase-1-lekki-lagos.jpg
4 Bedroom Semi Detached Duplex,"₦95,000,000","""09169112315""",Transcendent Realty,"Abraham Adesanya, Ajah, Lagos",https://images.nigeriapropertycentre.com/properties/images/thumbs/2299302/0666734caa7768-4-bedroom-semi-detached-duplex-semi-detached-duplexes-for-sale-ajah-lagos.jpg
4 Bedroom Semi-detached Duplex,"₦140,000,000","""09169112315""",Transcendent Realty,"Orchid Road, Lekki, Lagos",https://images.nigeriapropertycentre.com/properties/images/thumbs/2299300/066673472cb8d3-4-bedroom-semi-detached-duplex-semi-detached-duplexes-for-sale-lekki-lagos.jpg
4 Bedroom Terraced Duplex,"₦85,000,000","""09169112315""",Transcendent Realty,"Abraham Adesanya, Ajah, Lagos",https://images.nigeriapropertycentre.com/properties/images/thumbs/2299297/0666734158acf9-4-bedroom-terraced-duplex-terraced-duplexes-for-sale-ajah-lagos.jpg
4 Bedroom Semi-detached Duplex,"₦125,000,000","""09169112315""",Transcendent Realty,"Orchid Road, Lekki, Lagos",https://images.nigeriapropertycentre.com/properties/images/thumbs/2299295/0666733b7c26fb-4-bedroom-semi-detached-duplex-semi-detached-duplexes-for-sale-lekki-lagos.jpg
4 Bedroom Fully Detached Duplex,"₦130,000,000","""09169112315""",Transcendent Realty,"Orchid Road, Lekki, Lagos",https://images.nigeriapropertycentre.com/properties/images/thumbs/2299293/066673358905ed-4-bedroom-fully-detached-duplex-detached-duplexes-for-sale-lekki-lagos.jpg
2 Bedroom Beach Apartment,"₦69,900,000","""08060476547""",Arise And Shine Enterprise,"Okun, Lekki, Lagos",https://images.nigeriapropertycentre.com/properties/images/thumbs/2299292/066673343d8859-2-bedroom-beach-apartment-block-of-flats-for-sale-lekki-lagos.jpg
Luxurious 4 Bedrooms Terrace Duplex,"₦180,000,000","""08169241516""",Cgo Global Properties,"Chevron, Lekki, Lagos",https://images.nigeriapropertycentre.com/properties/images/thumbs/2299288/0666732b99af83-luxurious-4-bedrooms-terrace-duplex-terraced-duplexes-for-sale-lekki-lagos.jpeg
